person,img_path,img_name
Adolfo_Aguilar_Zinser,data/raw\Adolfo_Aguilar_Zinser\Adolfo_Aguilar_Zinser_0002.jpg,Adolfo_Aguilar_Zinser_0002.jpg
Adolfo_Aguilar_Zinser,data/raw\Adolfo_Aguilar_Zinser\Adolfo_Aguilar_Zinser_0003.jpg,Adolfo_Aguilar_Zinser_0003.jpg
Al_Davis,data/raw\Al_Davis\Al_Davis_0001.jpg,Al_Davis_0001.jpg
Ali_Naimi,data/raw\Ali_Naimi\Ali_Naimi_0001.jpg,Ali_Naimi_0001.jpg
Ali_Naimi,data/raw\Ali_Naimi\Ali_Naimi_0008.jpg,Ali_Naimi_0008.jpg
Ali_Naimi,data/raw\Ali_Naimi\Ali_Naimi_0003.jpg,Ali_Naimi_0003.jpg
Ali_Naimi,data/raw\Ali_Naimi\Ali_Naimi_0005.jpg,Ali_Naimi_0005.jpg
Ali_Naimi,data/raw\Ali_Naimi\Ali_Naimi_0004.jpg,Ali_Naimi_0004.jpg
Ali_Naimi,data/raw\Ali_Naimi\Ali_Naimi_0007.jpg,Ali_Naimi_0007.jpg
Amanda_Beard,data/raw\Amanda_Beard\Amanda_Beard_0001.jpg,Amanda_Beard_0001.jpg
Andrew_Niccol,data/raw\Andrew_Niccol\Andrew_Niccol_0001.jpg,Andrew_Niccol_0001.jpg
Antonio_Banderas,data/raw\Antonio_Banderas\Antonio_Banderas_0005.jpg,Antonio_Banderas_0005.jpg
Antonio_Banderas,data/raw\Antonio_Banderas\Antonio_Banderas_0003.jpg,Antonio_Banderas_0003.jpg
Antonio_Banderas,data/raw\Antonio_Banderas\Antonio_Banderas_0001.jpg,Antonio_Banderas_0001.jpg
Antonio_Banderas,data/raw\Antonio_Banderas\Antonio_Banderas_0004.jpg,Antonio_Banderas_0004.jpg
Antonio_Palocci,data/raw\Antonio_Palocci\Antonio_Palocci_0001.jpg,Antonio_Palocci_0001.jpg
Antonio_Palocci,data/raw\Antonio_Palocci\Antonio_Palocci_0008.jpg,Antonio_Palocci_0008.jpg
Antonio_Palocci,data/raw\Antonio_Palocci\Antonio_Palocci_0003.jpg,Antonio_Palocci_0003.jpg
Antonio_Palocci,data/raw\Antonio_Palocci\Antonio_Palocci_0005.jpg,Antonio_Palocci_0005.jpg
Antonio_Palocci,data/raw\Antonio_Palocci\Antonio_Palocci_0004.jpg,Antonio_Palocci_0004.jpg
Antonio_Palocci,data/raw\Antonio_Palocci\Antonio_Palocci_0007.jpg,Antonio_Palocci_0007.jpg
Aron_Ralston,data/raw\Aron_Ralston\Aron_Ralston_0001.jpg,Aron_Ralston_0001.jpg
Aung_San_Suu_Kyi,data/raw\Aung_San_Suu_Kyi\Aung_San_Suu_Kyi_0001.jpg,Aung_San_Suu_Kyi_0001.jpg
Barry_Zito,data/raw\Barry_Zito\Barry_Zito_0001.jpg,Barry_Zito_0001.jpg
Bashar_Assad,data/raw\Bashar_Assad\Bashar_Assad_0004.jpg,Bashar_Assad_0004.jpg
Bashar_Assad,data/raw\Bashar_Assad\Bashar_Assad_0001.jpg,Bashar_Assad_0001.jpg
Bashar_Assad,data/raw\Bashar_Assad\Bashar_Assad_0003.jpg,Bashar_Assad_0003.jpg
Ben_Glisan,data/raw\Ben_Glisan\Ben_Glisan_0001.jpg,Ben_Glisan_0001.jpg
Betsy_Smith,data/raw\Betsy_Smith\Betsy_Smith_0001.jpg,Betsy_Smith_0001.jpg
Bill_Frist,data/raw\Bill_Frist\Bill_Frist_0006.jpg,Bill_Frist_0006.jpg
Bill_Frist,data/raw\Bill_Frist\Bill_Frist_0001.jpg,Bill_Frist_0001.jpg
Bill_Frist,data/raw\Bill_Frist\Bill_Frist_0009.jpg,Bill_Frist_0009.jpg
Bill_Frist,data/raw\Bill_Frist\Bill_Frist_0003.jpg,Bill_Frist_0003.jpg
Bill_Frist,data/raw\Bill_Frist\Bill_Frist_0005.jpg,Bill_Frist_0005.jpg
Bill_Frist,data/raw\Bill_Frist\Bill_Frist_0004.jpg,Bill_Frist_0004.jpg
Bill_Frist,data/raw\Bill_Frist\Bill_Frist_0007.jpg,Bill_Frist_0007.jpg
Blythe_Hartley,data/raw\Blythe_Hartley\Blythe_Hartley_0001.jpg,Blythe_Hartley_0001.jpg
Bode_Miller,data/raw\Bode_Miller\Bode_Miller_0001.jpg,Bode_Miller_0001.jpg
Boris_Berezovsky,data/raw\Boris_Berezovsky\Boris_Berezovsky_0001.jpg,Boris_Berezovsky_0001.jpg
Brian_Wells,data/raw\Brian_Wells\Brian_Wells_0001.jpg,Brian_Wells_0001.jpg
Carla_Del_Ponte,data/raw\Carla_Del_Ponte\Carla_Del_Ponte_0005.jpg,Carla_Del_Ponte_0005.jpg
Carla_Del_Ponte,data/raw\Carla_Del_Ponte\Carla_Del_Ponte_0003.jpg,Carla_Del_Ponte_0003.jpg
Carla_Del_Ponte,data/raw\Carla_Del_Ponte\Carla_Del_Ponte_0001.jpg,Carla_Del_Ponte_0001.jpg
Carla_Del_Ponte,data/raw\Carla_Del_Ponte\Carla_Del_Ponte_0004.jpg,Carla_Del_Ponte_0004.jpg
Cathy_Freeman,data/raw\Cathy_Freeman\Cathy_Freeman_0001.jpg,Cathy_Freeman_0001.jpg
Chris_Cooper,data/raw\Chris_Cooper\Chris_Cooper_0001.jpg,Chris_Cooper_0001.jpg
Christopher_Reeve,data/raw\Christopher_Reeve\Christopher_Reeve_0004.jpg,Christopher_Reeve_0004.jpg
Christopher_Reeve,data/raw\Christopher_Reeve\Christopher_Reeve_0001.jpg,Christopher_Reeve_0001.jpg
Christopher_Reeve,data/raw\Christopher_Reeve\Christopher_Reeve_0003.jpg,Christopher_Reeve_0003.jpg
Constance_Marie,data/raw\Constance_Marie\Constance_Marie_0002.jpg,Constance_Marie_0002.jpg
Constance_Marie,data/raw\Constance_Marie\Constance_Marie_0003.jpg,Constance_Marie_0003.jpg
Dai_Bachtiar,data/raw\Dai_Bachtiar\Dai_Bachtiar_0001.jpg,Dai_Bachtiar_0001.jpg
Diana_Taurasi,data/raw\Diana_Taurasi\Diana_Taurasi_0001.jpg,Diana_Taurasi_0001.jpg
Donald_Pettit,data/raw\Donald_Pettit\Donald_Pettit_0002.jpg,Donald_Pettit_0002.jpg
Donald_Pettit,data/raw\Donald_Pettit\Donald_Pettit_0003.jpg,Donald_Pettit_0003.jpg
Ed_Rosenthal,data/raw\Ed_Rosenthal\Ed_Rosenthal_0002.jpg,Ed_Rosenthal_0002.jpg
Ed_Rosenthal,data/raw\Ed_Rosenthal\Ed_Rosenthal_0003.jpg,Ed_Rosenthal_0003.jpg
Elizabeth_Shue,data/raw\Elizabeth_Shue\Elizabeth_Shue_0001.jpg,Elizabeth_Shue_0001.jpg
Ellen_DeGeneres,data/raw\Ellen_DeGeneres\Ellen_DeGeneres_0001.jpg,Ellen_DeGeneres_0001.jpg
Ellen_Engleman,data/raw\Ellen_Engleman\Ellen_Engleman_0001.jpg,Ellen_Engleman_0001.jpg
Elton_John,data/raw\Elton_John\Elton_John_0006.jpg,Elton_John_0006.jpg
Elton_John,data/raw\Elton_John\Elton_John_0003.jpg,Elton_John_0003.jpg
Elton_John,data/raw\Elton_John\Elton_John_0005.jpg,Elton_John_0005.jpg
Elton_John,data/raw\Elton_John\Elton_John_0004.jpg,Elton_John_0004.jpg
Elton_John,data/raw\Elton_John\Elton_John_0007.jpg,Elton_John_0007.jpg
Emanuel_Ginobili,data/raw\Emanuel_Ginobili\Emanuel_Ginobili_0005.jpg,Emanuel_Ginobili_0005.jpg
Emanuel_Ginobili,data/raw\Emanuel_Ginobili\Emanuel_Ginobili_0003.jpg,Emanuel_Ginobili_0003.jpg
Emanuel_Ginobili,data/raw\Emanuel_Ginobili\Emanuel_Ginobili_0001.jpg,Emanuel_Ginobili_0001.jpg
Emanuel_Ginobili,data/raw\Emanuel_Ginobili\Emanuel_Ginobili_0004.jpg,Emanuel_Ginobili_0004.jpg
Emmanuelle_Beart,data/raw\Emmanuelle_Beart\Emmanuelle_Beart_0002.jpg,Emmanuelle_Beart_0002.jpg
Emmanuelle_Beart,data/raw\Emmanuelle_Beart\Emmanuelle_Beart_0003.jpg,Emmanuelle_Beart_0003.jpg
Eric_Clapton,data/raw\Eric_Clapton\Eric_Clapton_0001.jpg,Eric_Clapton_0001.jpg
Erika_Christensen,data/raw\Erika_Christensen\Erika_Christensen_0001.jpg,Erika_Christensen_0001.jpg
Felipe_Perez_Roque,data/raw\Felipe_Perez_Roque\Felipe_Perez_Roque_0004.jpg,Felipe_Perez_Roque_0004.jpg
Felipe_Perez_Roque,data/raw\Felipe_Perez_Roque\Felipe_Perez_Roque_0001.jpg,Felipe_Perez_Roque_0001.jpg
Felipe_Perez_Roque,data/raw\Felipe_Perez_Roque\Felipe_Perez_Roque_0003.jpg,Felipe_Perez_Roque_0003.jpg
Fujio_Cho,data/raw\Fujio_Cho\Fujio_Cho_0006.jpg,Fujio_Cho_0006.jpg
Fujio_Cho,data/raw\Fujio_Cho\Fujio_Cho_0003.jpg,Fujio_Cho_0003.jpg
Fujio_Cho,data/raw\Fujio_Cho\Fujio_Cho_0005.jpg,Fujio_Cho_0005.jpg
Fujio_Cho,data/raw\Fujio_Cho\Fujio_Cho_0004.jpg,Fujio_Cho_0004.jpg
Gabriel_Batistuta,data/raw\Gabriel_Batistuta\Gabriel_Batistuta_0001.jpg,Gabriel_Batistuta_0001.jpg
Garry_Kasparov,data/raw\Garry_Kasparov\Garry_Kasparov_0001.jpg,Garry_Kasparov_0001.jpg
Garry_Trudeau,data/raw\Garry_Trudeau\Garry_Trudeau_0001.jpg,Garry_Trudeau_0001.jpg
Gary_Forsee,data/raw\Gary_Forsee\Gary_Forsee_0001.jpg,Gary_Forsee_0001.jpg
Geno_Auriemma,data/raw\Geno_Auriemma\Geno_Auriemma_0001.jpg,Geno_Auriemma_0001.jpg
Gillian_Anderson,data/raw\Gillian_Anderson\Gillian_Anderson_0001.jpg,Gillian_Anderson_0001.jpg
Glafcos_Clerides,data/raw\Glafcos_Clerides\Glafcos_Clerides_0004.jpg,Glafcos_Clerides_0004.jpg
Glafcos_Clerides,data/raw\Glafcos_Clerides\Glafcos_Clerides_0001.jpg,Glafcos_Clerides_0001.jpg
Glafcos_Clerides,data/raw\Glafcos_Clerides\Glafcos_Clerides_0003.jpg,Glafcos_Clerides_0003.jpg
Harry_Belafonte,data/raw\Harry_Belafonte\Harry_Belafonte_0001.jpg,Harry_Belafonte_0001.jpg
Hichiro_Naemura,data/raw\Hichiro_Naemura\Hichiro_Naemura_0001.jpg,Hichiro_Naemura_0001.jpg
Isabella_Rossellini,data/raw\Isabella_Rossellini\Isabella_Rossellini_0002.jpg,Isabella_Rossellini_0002.jpg
Isabella_Rossellini,data/raw\Isabella_Rossellini\Isabella_Rossellini_0003.jpg,Isabella_Rossellini_0003.jpg
Ishaq_Shahryar,data/raw\Ishaq_Shahryar\Ishaq_Shahryar_0001.jpg,Ishaq_Shahryar_0001.jpg
James_Franco,data/raw\James_Franco\James_Franco_0001.jpg,James_Franco_0001.jpg
Jay_Garner,data/raw\Jay_Garner\Jay_Garner_0006.jpg,Jay_Garner_0006.jpg
Jay_Garner,data/raw\Jay_Garner\Jay_Garner_0003.jpg,Jay_Garner_0003.jpg
Jay_Garner,data/raw\Jay_Garner\Jay_Garner_0005.jpg,Jay_Garner_0005.jpg
Jay_Garner,data/raw\Jay_Garner\Jay_Garner_0004.jpg,Jay_Garner_0004.jpg
Jean-Marc_de_La_Sabliere,data/raw\Jean-Marc_de_La_Sabliere\Jean-Marc_de_La_Sabliere_0001.jpg,Jean-Marc_de_La_Sabliere_0001.jpg
Jeffrey_Jones,data/raw\Jeffrey_Jones\Jeffrey_Jones_0001.jpg,Jeffrey_Jones_0001.jpg
Jennifer_Rodriguez,data/raw\Jennifer_Rodriguez\Jennifer_Rodriguez_0001.jpg,Jennifer_Rodriguez_0001.jpg
Jiang_Zemin,data/raw\Jiang_Zemin\Jiang_Zemin_0009.jpg,Jiang_Zemin_0009.jpg
Jiang_Zemin,data/raw\Jiang_Zemin\Jiang_Zemin_0006.jpg,Jiang_Zemin_0006.jpg
Jiang_Zemin,data/raw\Jiang_Zemin\Jiang_Zemin_0012.jpg,Jiang_Zemin_0012.jpg
Jiang_Zemin,data/raw\Jiang_Zemin\Jiang_Zemin_0004.jpg,Jiang_Zemin_0004.jpg
Jiang_Zemin,data/raw\Jiang_Zemin\Jiang_Zemin_0019.jpg,Jiang_Zemin_0019.jpg
Jiang_Zemin,data/raw\Jiang_Zemin\Jiang_Zemin_0017.jpg,Jiang_Zemin_0017.jpg
Jiang_Zemin,data/raw\Jiang_Zemin\Jiang_Zemin_0014.jpg,Jiang_Zemin_0014.jpg
Jiang_Zemin,data/raw\Jiang_Zemin\Jiang_Zemin_0003.jpg,Jiang_Zemin_0003.jpg
Jiang_Zemin,data/raw\Jiang_Zemin\Jiang_Zemin_0010.jpg,Jiang_Zemin_0010.jpg
Jiang_Zemin,data/raw\Jiang_Zemin\Jiang_Zemin_0020.jpg,Jiang_Zemin_0020.jpg
Jiang_Zemin,data/raw\Jiang_Zemin\Jiang_Zemin_0005.jpg,Jiang_Zemin_0005.jpg
Jiang_Zemin,data/raw\Jiang_Zemin\Jiang_Zemin_0013.jpg,Jiang_Zemin_0013.jpg
Jiang_Zemin,data/raw\Jiang_Zemin\Jiang_Zemin_0008.jpg,Jiang_Zemin_0008.jpg
Jiang_Zemin,data/raw\Jiang_Zemin\Jiang_Zemin_0011.jpg,Jiang_Zemin_0011.jpg
Jiang_Zemin,data/raw\Jiang_Zemin\Jiang_Zemin_0015.jpg,Jiang_Zemin_0015.jpg
Jiang_Zemin,data/raw\Jiang_Zemin\Jiang_Zemin_0007.jpg,Jiang_Zemin_0007.jpg
Job_Cohen,data/raw\Job_Cohen\Job_Cohen_0001.jpg,Job_Cohen_0001.jpg
Joerg_Haider,data/raw\Joerg_Haider\Joerg_Haider_0001.jpg,Joerg_Haider_0001.jpg
Jon_Gruden,data/raw\Jon_Gruden\Jon_Gruden_0006.jpg,Jon_Gruden_0006.jpg
Jon_Gruden,data/raw\Jon_Gruden\Jon_Gruden_0003.jpg,Jon_Gruden_0003.jpg
Jon_Gruden,data/raw\Jon_Gruden\Jon_Gruden_0005.jpg,Jon_Gruden_0005.jpg
Jon_Gruden,data/raw\Jon_Gruden\Jon_Gruden_0004.jpg,Jon_Gruden_0004.jpg
Jon_Gruden,data/raw\Jon_Gruden\Jon_Gruden_0007.jpg,Jon_Gruden_0007.jpg
Kamal_Kharrazi,data/raw\Kamal_Kharrazi\Kamal_Kharrazi_0006.jpg,Kamal_Kharrazi_0006.jpg
Kamal_Kharrazi,data/raw\Kamal_Kharrazi\Kamal_Kharrazi_0003.jpg,Kamal_Kharrazi_0003.jpg
Kamal_Kharrazi,data/raw\Kamal_Kharrazi\Kamal_Kharrazi_0005.jpg,Kamal_Kharrazi_0005.jpg
Kamal_Kharrazi,data/raw\Kamal_Kharrazi\Kamal_Kharrazi_0004.jpg,Kamal_Kharrazi_0004.jpg
Karin_Stoiber,data/raw\Karin_Stoiber\Karin_Stoiber_0001.jpg,Karin_Stoiber_0001.jpg
Lauren_Hutton,data/raw\Lauren_Hutton\Lauren_Hutton_0001.jpg,Lauren_Hutton_0001.jpg
LeAnn_Rimes,data/raw\LeAnn_Rimes\LeAnn_Rimes_0001.jpg,LeAnn_Rimes_0001.jpg
Lesley_McCulloch,data/raw\Lesley_McCulloch\Lesley_McCulloch_0002.jpg,Lesley_McCulloch_0002.jpg
Lesley_McCulloch,data/raw\Lesley_McCulloch\Lesley_McCulloch_0003.jpg,Lesley_McCulloch_0003.jpg
Leslie_Caldwell,data/raw\Leslie_Caldwell\Leslie_Caldwell_0002.jpg,Leslie_Caldwell_0002.jpg
Leslie_Caldwell,data/raw\Leslie_Caldwell\Leslie_Caldwell_0003.jpg,Leslie_Caldwell_0003.jpg
Max_Mayfield,data/raw\Max_Mayfield\Max_Mayfield_0001.jpg,Max_Mayfield_0001.jpg
Mike_Helton,data/raw\Mike_Helton\Mike_Helton_0001.jpg,Mike_Helton_0001.jpg
Mike_Krzyzewski,data/raw\Mike_Krzyzewski\Mike_Krzyzewski_0006.jpg,Mike_Krzyzewski_0006.jpg
Mike_Krzyzewski,data/raw\Mike_Krzyzewski\Mike_Krzyzewski_0003.jpg,Mike_Krzyzewski_0003.jpg
Mike_Krzyzewski,data/raw\Mike_Krzyzewski\Mike_Krzyzewski_0005.jpg,Mike_Krzyzewski_0005.jpg
Mike_Krzyzewski,data/raw\Mike_Krzyzewski\Mike_Krzyzewski_0004.jpg,Mike_Krzyzewski_0004.jpg
Mikhail_Wehbe,data/raw\Mikhail_Wehbe\Mikhail_Wehbe_0004.jpg,Mikhail_Wehbe_0004.jpg
Mikhail_Wehbe,data/raw\Mikhail_Wehbe\Mikhail_Wehbe_0001.jpg,Mikhail_Wehbe_0001.jpg
Mikhail_Wehbe,data/raw\Mikhail_Wehbe\Mikhail_Wehbe_0003.jpg,Mikhail_Wehbe_0003.jpg
Mohammed_Baqir_al-Hakim,data/raw\Mohammed_Baqir_al-Hakim\Mohammed_Baqir_al-Hakim_0002.jpg,Mohammed_Baqir_al-Hakim_0002.jpg
Mohammed_Baqir_al-Hakim,data/raw\Mohammed_Baqir_al-Hakim\Mohammed_Baqir_al-Hakim_0003.jpg,Mohammed_Baqir_al-Hakim_0003.jpg
Nadia_Petrova,data/raw\Nadia_Petrova\Nadia_Petrova_0005.jpg,Nadia_Petrova_0005.jpg
Nadia_Petrova,data/raw\Nadia_Petrova\Nadia_Petrova_0003.jpg,Nadia_Petrova_0003.jpg
Nadia_Petrova,data/raw\Nadia_Petrova\Nadia_Petrova_0001.jpg,Nadia_Petrova_0001.jpg
Nadia_Petrova,data/raw\Nadia_Petrova\Nadia_Petrova_0004.jpg,Nadia_Petrova_0004.jpg
Natalie_Cole,data/raw\Natalie_Cole\Natalie_Cole_0002.jpg,Natalie_Cole_0002.jpg
Natalie_Cole,data/raw\Natalie_Cole\Natalie_Cole_0003.jpg,Natalie_Cole_0003.jpg
Norm_Coleman,data/raw\Norm_Coleman\Norm_Coleman_0006.jpg,Norm_Coleman_0006.jpg
Norm_Coleman,data/raw\Norm_Coleman\Norm_Coleman_0003.jpg,Norm_Coleman_0003.jpg
Norm_Coleman,data/raw\Norm_Coleman\Norm_Coleman_0005.jpg,Norm_Coleman_0005.jpg
Norm_Coleman,data/raw\Norm_Coleman\Norm_Coleman_0004.jpg,Norm_Coleman_0004.jpg
Norm_Coleman,data/raw\Norm_Coleman\Norm_Coleman_0007.jpg,Norm_Coleman_0007.jpg
Oxana_Fedorova,data/raw\Oxana_Fedorova\Oxana_Fedorova_0004.jpg,Oxana_Fedorova_0004.jpg
Oxana_Fedorova,data/raw\Oxana_Fedorova\Oxana_Fedorova_0001.jpg,Oxana_Fedorova_0001.jpg
Oxana_Fedorova,data/raw\Oxana_Fedorova\Oxana_Fedorova_0003.jpg,Oxana_Fedorova_0003.jpg
Paris_Hilton,data/raw\Paris_Hilton\Paris_Hilton_0001.jpg,Paris_Hilton_0001.jpg
Paul_Kagame,data/raw\Paul_Kagame\Paul_Kagame_0001.jpg,Paul_Kagame_0001.jpg
Pedro_Malan,data/raw\Pedro_Malan\Pedro_Malan_0005.jpg,Pedro_Malan_0005.jpg
Pedro_Malan,data/raw\Pedro_Malan\Pedro_Malan_0003.jpg,Pedro_Malan_0003.jpg
Pedro_Malan,data/raw\Pedro_Malan\Pedro_Malan_0001.jpg,Pedro_Malan_0001.jpg
Pedro_Malan,data/raw\Pedro_Malan\Pedro_Malan_0004.jpg,Pedro_Malan_0004.jpg
Peter_Bacanovic,data/raw\Peter_Bacanovic\Peter_Bacanovic_0001.jpg,Peter_Bacanovic_0001.jpg
Prince_Harry,data/raw\Prince_Harry\Prince_Harry_0002.jpg,Prince_Harry_0002.jpg
Prince_Harry,data/raw\Prince_Harry\Prince_Harry_0003.jpg,Prince_Harry_0003.jpg
Rachel_Hunter,data/raw\Rachel_Hunter\Rachel_Hunter_0004.jpg,Rachel_Hunter_0004.jpg
Rachel_Hunter,data/raw\Rachel_Hunter\Rachel_Hunter_0001.jpg,Rachel_Hunter_0001.jpg
Rachel_Hunter,data/raw\Rachel_Hunter\Rachel_Hunter_0003.jpg,Rachel_Hunter_0003.jpg
Raymond_Odierno,data/raw\Raymond_Odierno\Raymond_Odierno_0001.jpg,Raymond_Odierno_0001.jpg
Reese_Witherspoon,data/raw\Reese_Witherspoon\Reese_Witherspoon_0004.jpg,Reese_Witherspoon_0004.jpg
Reese_Witherspoon,data/raw\Reese_Witherspoon\Reese_Witherspoon_0001.jpg,Reese_Witherspoon_0001.jpg
Reese_Witherspoon,data/raw\Reese_Witherspoon\Reese_Witherspoon_0003.jpg,Reese_Witherspoon_0003.jpg
Richard_Shelby,data/raw\Richard_Shelby\Richard_Shelby_0001.jpg,Richard_Shelby_0001.jpg
Richie_Adubato,data/raw\Richie_Adubato\Richie_Adubato_0001.jpg,Richie_Adubato_0001.jpg
Robert_Blackwill,data/raw\Robert_Blackwill\Robert_Blackwill_0001.jpg,Robert_Blackwill_0001.jpg
Robert_Horan,data/raw\Robert_Horan\Robert_Horan_0001.jpg,Robert_Horan_0001.jpg
Robin_McLaurin_Williams,data/raw\Robin_McLaurin_Williams\Robin_McLaurin_Williams_0001.jpg,Robin_McLaurin_Williams_0001.jpg
Rod_Stewart,data/raw\Rod_Stewart\Rod_Stewart_0002.jpg,Rod_Stewart_0002.jpg
Rod_Stewart,data/raw\Rod_Stewart\Rod_Stewart_0003.jpg,Rod_Stewart_0003.jpg
Sally_Kirkland,data/raw\Sally_Kirkland\Sally_Kirkland_0004.jpg,Sally_Kirkland_0004.jpg
Sally_Kirkland,data/raw\Sally_Kirkland\Sally_Kirkland_0001.jpg,Sally_Kirkland_0001.jpg
Sally_Kirkland,data/raw\Sally_Kirkland\Sally_Kirkland_0003.jpg,Sally_Kirkland_0003.jpg
Sarah_Hughes,data/raw\Sarah_Hughes\Sarah_Hughes_0006.jpg,Sarah_Hughes_0006.jpg
Sarah_Hughes,data/raw\Sarah_Hughes\Sarah_Hughes_0003.jpg,Sarah_Hughes_0003.jpg
Sarah_Hughes,data/raw\Sarah_Hughes\Sarah_Hughes_0005.jpg,Sarah_Hughes_0005.jpg
Sarah_Hughes,data/raw\Sarah_Hughes\Sarah_Hughes_0004.jpg,Sarah_Hughes_0004.jpg
Sean_Astin,data/raw\Sean_Astin\Sean_Astin_0002.jpg,Sean_Astin_0002.jpg
Sean_Astin,data/raw\Sean_Astin\Sean_Astin_0003.jpg,Sean_Astin_0003.jpg
Sharon_Frey,data/raw\Sharon_Frey\Sharon_Frey_0001.jpg,Sharon_Frey_0001.jpg
Stephen_Daldry,data/raw\Stephen_Daldry\Stephen_Daldry_0001.jpg,Stephen_Daldry_0001.jpg
Stockard_Channing,data/raw\Stockard_Channing\Stockard_Channing_0002.jpg,Stockard_Channing_0002.jpg
Stockard_Channing,data/raw\Stockard_Channing\Stockard_Channing_0003.jpg,Stockard_Channing_0003.jpg
Sue_Wicks,data/raw\Sue_Wicks\Sue_Wicks_0001.jpg,Sue_Wicks_0001.jpg
Terry_McAuliffe,data/raw\Terry_McAuliffe\Terry_McAuliffe_0002.jpg,Terry_McAuliffe_0002.jpg
Terry_McAuliffe,data/raw\Terry_McAuliffe\Terry_McAuliffe_0003.jpg,Terry_McAuliffe_0003.jpg
Thomas_OBrien,data/raw\Thomas_OBrien\Thomas_OBrien_0006.jpg,Thomas_OBrien_0006.jpg
Thomas_OBrien,data/raw\Thomas_OBrien\Thomas_OBrien_0001.jpg,Thomas_OBrien_0001.jpg
Thomas_OBrien,data/raw\Thomas_OBrien\Thomas_OBrien_0009.jpg,Thomas_OBrien_0009.jpg
Thomas_OBrien,data/raw\Thomas_OBrien\Thomas_OBrien_0003.jpg,Thomas_OBrien_0003.jpg
Thomas_OBrien,data/raw\Thomas_OBrien\Thomas_OBrien_0005.jpg,Thomas_OBrien_0005.jpg
Thomas_OBrien,data/raw\Thomas_OBrien\Thomas_OBrien_0004.jpg,Thomas_OBrien_0004.jpg
Thomas_OBrien,data/raw\Thomas_OBrien\Thomas_OBrien_0007.jpg,Thomas_OBrien_0007.jpg
Vitali_Klitschko,data/raw\Vitali_Klitschko\Vitali_Klitschko_0004.jpg,Vitali_Klitschko_0004.jpg
Vitali_Klitschko,data/raw\Vitali_Klitschko\Vitali_Klitschko_0001.jpg,Vitali_Klitschko_0001.jpg
Vitali_Klitschko,data/raw\Vitali_Klitschko\Vitali_Klitschko_0003.jpg,Vitali_Klitschko_0003.jpg
Vladimir_Voltchkov,data/raw\Vladimir_Voltchkov\Vladimir_Voltchkov_0001.jpg,Vladimir_Voltchkov_0001.jpg
Warren_Buffett,data/raw\Warren_Buffett\Warren_Buffett_0002.jpg,Warren_Buffett_0002.jpg
Warren_Buffett,data/raw\Warren_Buffett\Warren_Buffett_0003.jpg,Warren_Buffett_0003.jpg
Wayne_Ferreira,data/raw\Wayne_Ferreira\Wayne_Ferreira_0005.jpg,Wayne_Ferreira_0005.jpg
Wayne_Ferreira,data/raw\Wayne_Ferreira\Wayne_Ferreira_0003.jpg,Wayne_Ferreira_0003.jpg
Wayne_Ferreira,data/raw\Wayne_Ferreira\Wayne_Ferreira_0001.jpg,Wayne_Ferreira_0001.jpg
Wayne_Ferreira,data/raw\Wayne_Ferreira\Wayne_Ferreira_0004.jpg,Wayne_Ferreira_0004.jpg
William_Macy,data/raw\William_Macy\William_Macy_0005.jpg,William_Macy_0005.jpg
William_Macy,data/raw\William_Macy\William_Macy_0003.jpg,William_Macy_0003.jpg
William_Macy,data/raw\William_Macy\William_Macy_0001.jpg,William_Macy_0001.jpg
William_Macy,data/raw\William_Macy\William_Macy_0004.jpg,William_Macy_0004.jpg
Winona_Ryder,data/raw\Winona_Ryder\Winona_Ryder_0010.jpg,Winona_Ryder_0010.jpg
Winona_Ryder,data/raw\Winona_Ryder\Winona_Ryder_0014.jpg,Winona_Ryder_0014.jpg
Winona_Ryder,data/raw\Winona_Ryder\Winona_Ryder_0002.jpg,Winona_Ryder_0002.jpg
Winona_Ryder,data/raw\Winona_Ryder\Winona_Ryder_0022.jpg,Winona_Ryder_0022.jpg
Winona_Ryder,data/raw\Winona_Ryder\Winona_Ryder_0006.jpg,Winona_Ryder_0006.jpg
Winona_Ryder,data/raw\Winona_Ryder\Winona_Ryder_0003.jpg,Winona_Ryder_0003.jpg
Winona_Ryder,data/raw\Winona_Ryder\Winona_Ryder_0013.jpg,Winona_Ryder_0013.jpg
Winona_Ryder,data/raw\Winona_Ryder\Winona_Ryder_0016.jpg,Winona_Ryder_0016.jpg
Winona_Ryder,data/raw\Winona_Ryder\Winona_Ryder_0004.jpg,Winona_Ryder_0004.jpg
Winona_Ryder,data/raw\Winona_Ryder\Winona_Ryder_0005.jpg,Winona_Ryder_0005.jpg
Winona_Ryder,data/raw\Winona_Ryder\Winona_Ryder_0023.jpg,Winona_Ryder_0023.jpg
Winona_Ryder,data/raw\Winona_Ryder\Winona_Ryder_0018.jpg,Winona_Ryder_0018.jpg
Winona_Ryder,data/raw\Winona_Ryder\Winona_Ryder_0021.jpg,Winona_Ryder_0021.jpg
Winona_Ryder,data/raw\Winona_Ryder\Winona_Ryder_0024.jpg,Winona_Ryder_0024.jpg
Winona_Ryder,data/raw\Winona_Ryder\Winona_Ryder_0008.jpg,Winona_Ryder_0008.jpg
Winona_Ryder,data/raw\Winona_Ryder\Winona_Ryder_0011.jpg,Winona_Ryder_0011.jpg
Winona_Ryder,data/raw\Winona_Ryder\Winona_Ryder_0015.jpg,Winona_Ryder_0015.jpg
Winona_Ryder,data/raw\Winona_Ryder\Winona_Ryder_0020.jpg,Winona_Ryder_0020.jpg
Winona_Ryder,data/raw\Winona_Ryder\Winona_Ryder_0007.jpg,Winona_Ryder_0007.jpg
Wolfgang_Schuessel,data/raw\Wolfgang_Schuessel\Wolfgang_Schuessel_0004.jpg,Wolfgang_Schuessel_0004.jpg
Wolfgang_Schuessel,data/raw\Wolfgang_Schuessel\Wolfgang_Schuessel_0001.jpg,Wolfgang_Schuessel_0001.jpg
Wolfgang_Schuessel,data/raw\Wolfgang_Schuessel\Wolfgang_Schuessel_0003.jpg,Wolfgang_Schuessel_0003.jpg
Woody_Allen,data/raw\Woody_Allen\Woody_Allen_0005.jpg,Woody_Allen_0005.jpg
Woody_Allen,data/raw\Woody_Allen\Woody_Allen_0003.jpg,Woody_Allen_0003.jpg
Woody_Allen,data/raw\Woody_Allen\Woody_Allen_0001.jpg,Woody_Allen_0001.jpg
Woody_Allen,data/raw\Woody_Allen\Woody_Allen_0004.jpg,Woody_Allen_0004.jpg
Yevgeny_Kafelnikov,data/raw\Yevgeny_Kafelnikov\Yevgeny_Kafelnikov_0004.jpg,Yevgeny_Kafelnikov_0004.jpg
Yevgeny_Kafelnikov,data/raw\Yevgeny_Kafelnikov\Yevgeny_Kafelnikov_0001.jpg,Yevgeny_Kafelnikov_0001.jpg
Yevgeny_Kafelnikov,data/raw\Yevgeny_Kafelnikov\Yevgeny_Kafelnikov_0003.jpg,Yevgeny_Kafelnikov_0003.jpg
Yuri_Malenchenko,data/raw\Yuri_Malenchenko\Yuri_Malenchenko_0001.jpg,Yuri_Malenchenko_0001.jpg
